{
  "Profiles" : [
    {
      "Rewritable" : true,
      "Bold Color (Light)" : {
        "Red Component" : 0.062745098039215685,
        "Color Space" : "sRGB",
        "Blue Component" : 0.062745098039215685,
        "Alpha Component" : 1,
        "Green Component" : 0.062745098039215685
      },
      "Guid" : "239264BA-5D4C-4CBE-9562-30218CE53B71",
      "Normal Font" : "FiraCodeRoman-Regular 12",
      "Name" : "Default",
      "Ansi 0 Color" : {
        "Red Component" : 0.078431375324726105,
        "Color Space" : "sRGB",
        "Blue Component" : 0.11764705926179886,
        "Alpha Component" : 1,
        "Green Component" : 0.098039217293262482
      },
      "Use Separate Colors for Light and Dark Mode" : true,
      "Bold Color" : {
        "Red Component" : 0.062745101749897003,
        "Color Space" : "sRGB",
        "Blue Component" : 0.062745101749897003,
        "Alpha Component" : 1,
        "Green Component" : 0.062745101749897003
      },
      "Working Directory" : "\/Users\/daniel",
      "Foreground Color" : {
        "Red Component" : 0.062745101749897003,
        "Color Space" : "sRGB",
        "Blue Component" : 0.062745101749897003,
        "Alpha Component" : 1,
        "Green Component" : 0.062745101749897003
      },
      "Load Shell Integration Automatically" : true,
      "Foreground Color (Light)" : {
        "Red Component" : 0.062745098039215685,
        "Color Space" : "sRGB",
        "Blue Component" : 0.062745098039215685,
        "Alpha Component" : 1,
        "Green Component" : 0.062745098039215685
      },
      "Ansi 0 Color (Light)" : {
        "Red Component" : 0.078431375324726105,
        "Color Space" : "sRGB",
        "Blue Component" : 0.11764705926179886,
        "Alpha Component" : 1,
        "Green Component" : 0.098039217293262482
      },
      "Custom Command" : "Custom Shell",
      "Command" : "\/opt\/homebrew\/bin\/bash",
      "Ansi 0 Color (Dark)" : {
        "Red Component" : 0.078431375324726105,
        "Color Space" : "sRGB",
        "Blue Component" : 0.11764705926179886,
        "Alpha Component" : 1,
        "Green Component" : 0.098039217293262482
      }
    }
  ]
}